Date, O, H, L, C, V,SMA(14),SMA(14)
06-02-2020 10:00,311.1,313.85,310.15,312.7,5883154,0,0
06-02-2020 11:00,312.55,312.95,310.25,310.4,3627292,0,0
06-02-2020 12:00,310.25,315.9,310.2,315.7,7153833,0,0
06-02-2020 13:00,315.9,321.65,315.1,321.25,13519001,0,0
06-02-2020 14:00,321.15,323.5,319.5,319.85,12891581,0,0
06-02-2020 15:00,319.9,321.9,319.6,321.25,7702023,0,0
06-02-2020 15:30,321.15,323.1,320.8,321.05,6479741,0,0
07-02-2020 10:00,321.3,324.3,318.4,322.65,10383621,0,0
07-02-2020 11:00,322.7,325,321.9,324.4,6443734,0,0
07-02-2020 12:00,324.5,324.65,322.7,323.3,4235311,0,0
07-02-2020 13:00,323.3,323.95,322,322.5,4124809,0,0
07-02-2020 14:00,322.55,322.85,319.9,319.95,4370139,0,0
07-02-2020 15:00,320,322,319.65,321,3384432,0,0
07-02-2020 15:30,321,321.7,319.55,319.8,3675122,321.2357143,321.2357143
10-02-2020 10:00,319.75,322.75,317.9,319.55,6168204,321.8714286,321.8714286
10-02-2020 11:00,319.6,319.65,316.95,318.05,4896408,322.35,322.35
10-02-2020 12:00,318.05,319.7,317.8,319.1,2603613,322.6214286,322.6214286
10-02-2020 13:00,319.1,320.5,318.5,319.1,2208847,322.5392857,322.5392857
10-02-2020 14:00,319.1,319.15,317.25,317.75,2190860,322.2285714,322.2285714
10-02-2020 15:00,317.75,318.45,316.65,317.5,3096340,321.9821429,321.9821429
10-02-2020 15:30,317.55,319.15,317.4,318.5,3402988,321.7,321.7
11-02-2020 10:00,321.4,324.5,321.3,323.6,7004464,321.7142857,321.7142857
11-02-2020 11:00,323.75,324.75,322.65,323.05,4303195,321.6964286,321.6964286
11-02-2020 12:00,323.2,323.9,322.15,322.6,3060327,321.6428571,321.6428571
11-02-2020 13:00,322.5,323.8,321.55,323.3,3108133,321.6321429,321.6321429
11-02-2020 14:00,323.3,324,322.55,323.6,2439072,321.7142857,321.7142857
11-02-2020 15:00,323.65,323.8,322.15,322.65,2972609,321.8428571,321.8428571
11-02-2020 15:30,322.6,325.75,322.6,324.5,7062554,322.1321429,322.1321429
12-02-2020 10:00,329.45,329.5,326.2,326.6,8842162,322.6142857,322.6142857
12-02-2020 11:00,326.6,327.25,324.4,324.7,5086186,323.1571429,323.1571429
12-02-2020 12:00,324.7,325.4,322.25,322.9,4851225,323.5642857,323.5642857
12-02-2020 13:00,322.8,323.45,321.7,322.95,5137812,323.775,323.775
12-02-2020 14:00,322.8,323,320.5,321.55,3916886,324.05,324.05
12-02-2020 15:00,321.55,322.15,320.6,321.2,4010392,324.3142857,324.3142857
12-02-2020 15:30,321.2,321.6,319.25,320.4,6484495,324.4892857,324.4892857
13-02-2020 10:00,325.15,329.65,324.35,327.5,16759914,324.8571429,324.8571429
13-02-2020 11:00,327.5,330.9,327.2,328.95,12081900,325.2964286,325.2964286
13-02-2020 12:00,329,329.7,327.75,328.3,4818411,325.7107143,325.7107143
13-02-2020 13:00,328.35,329.9,328.15,328.7,4005302,326.1464286,326.1464286
13-02-2020 14:00,328.65,329,326.6,326.7,7791648,326.5035714,326.5035714
13-02-2020 15:00,326.7,327.9,325.4,326.6,9232795,326.7964286,326.7964286
13-02-2020 15:30,326.65,328.1,326.6,327.5,7054901,326.9642857,326.9642857
14-02-2020 10:00,327.65,331.9,327.65,329.75,7852392,327.1357143,327.1357143
14-02-2020 11:00,329.85,331.35,324,325.7,9831876,327.4285714,327.4285714
14-02-2020 12:00,325.55,325.8,321.55,324.25,9997678,327.4571429,327.4571429
14-02-2020 13:00,324.3,325.5,322.3,322.45,3817660,327.6035714,327.6035714
14-02-2020 14:00,322.35,323.15,321,321.95,5029253,327.6142857,327.6142857
14-02-2020 15:00,322,322.4,319.05,320.4,6144443,327.6321429,327.6321429
14-02-2020 15:30,320.5,320.85,318.55,319.95,5118680,327.5785714,327.5785714
17-02-2020 10:00,320.95,321.15,313.85,316,10723357,326.9714286,326.9714286
17-02-2020 11:00,316,316,313,314.8,5050598,325.9071429,325.9071429
17-02-2020 12:00,314.7,316.9,313.6,315.8,3820875,324.9928571,324.9928571
17-02-2020 13:00,315.75,315.8,313.3,313.8,2989762,323.9857143,323.9857143
17-02-2020 14:00,313.7,313.75,311.65,312.85,5422334,322.8964286,322.8964286
17-02-2020 15:00,312.85,315.4,312.6,314.85,4023494,322.0035714,322.0035714
17-02-2020 15:30,314.85,315.25,313.25,314.7,4090051,321.0857143,321.0857143
18-02-2020 10:00,315.4,316.1,311.4,313.1,8206477,319.9571429,319.9571429
18-02-2020 11:00,313.15,314,310.95,311.95,5359089,318.7178571,318.7178571
18-02-2020 12:00,311.95,312.8,311,311.4,2751575,317.7892857,317.7892857
18-02-2020 13:00,311.4,311.9,309.4,311.75,4963110,316.8178571,316.8178571
18-02-2020 14:00,311.75,312,310.15,311.75,2385820,316.0214286,316.0214286
18-02-2020 15:00,311.75,315.45,311.75,315.2,7662760,315.525,315.525
18-02-2020 15:30,315.2,319.15,315.1,318.6,6772434,315.4035714,315.4035714
19-02-2020 10:00,322.4,323.95,318.8,319.55,9150720,315.6035714,315.6035714
19-02-2020 11:00,319.55,320.4,317.25,318.65,5535374,315.9178571,315.9178571
19-02-2020 12:00,318.7,318.9,317.7,318.2,2911207,316.0607143,316.0607143
19-02-2020 13:00,318.2,322,318.05,321.65,7289004,316.5035714,316.5035714
19-02-2020 14:00,321.65,322.7,319.6,319.7,5663552,317.1428571,317.1428571
19-02-2020 15:00,319.75,321.5,318.7,320.75,4605986,317.5785714,317.5785714
19-02-2020 15:30,320.75,320.9,319.8,320.2,4122414,317.9821429,317.9821429
20-02-2020 10:00,319.35,323.9,318.75,322.35,8079730,318.5392857,318.5392857
20-02-2020 11:00,322.35,324.75,321.35,324,5363157,319.3071429,319.3071429
20-02-2020 12:00,323.95,326.65,323.7,326.2,5262982,320.2964286,320.2964286
20-02-2020 13:00,326.35,326.5,325.15,326.15,3890770,321.3392857,321.3392857
20-02-2020 14:00,326.1,326.5,325.1,326.2,3210852,322.375,322.375
20-02-2020 15:00,326.15,328.5,325.8,325.9,7442466,323.3071429,323.3071429
20-02-2020 15:30,325.9,329.2,325.45,327.9,6414278,324.025,324.025
24-02-2020 10:00,325.35,331.25,322.3,330.25,14223410,324.5464286,324.5464286
24-02-2020 11:00,330.25,330.3,328.5,329.85,4512349,325.2535714,325.2535714
24-02-2020 12:00,329.9,330.3,327.35,328.85,7231670,326.0678571,326.0678571
24-02-2020 13:00,328.95,329.25,327.5,328.05,2419639,326.5857143,326.5857143
24-02-2020 14:00,328.05,328.35,325.2,326.45,4387430,326.9892857,326.9892857
24-02-2020 15:00,326.45,326.5,322.6,324.2,5926712,327.3464286,327.3464286
24-02-2020 15:30,324.15,324.2,321.85,322.8,6094236,327.5821429,327.5821429
25-02-2020 10:00,325.45,326.9,322.25,324.05,8454962,327.7964286,327.7964286
25-02-2020 11:00,324.05,326,323.6,325.25,5970778,327.8857143,327.8857143
25-02-2020 12:00,325.25,326.7,324.75,326.55,4258748,327.8892857,327.8892857
25-02-2020 13:00,326.55,327.8,325,325.45,5317474,327.9821429,327.9821429
25-02-2020 14:00,325.45,327.6,325,326.3,4103840,328.0607143,328.0607143
25-02-2020 15:00,326.3,327,323.7,326.5,6240387,327.9535714,327.9535714
25-02-2020 15:30,326.45,328.15,325.55,327.75,4302129,327.8785714,327.8785714
26-02-2020 10:00,324.3,328.2,324.3,327.05,8786032,327.6607143,327.6607143
26-02-2020 11:00,327.05,327.8,326.05,326.4,3399323,327.4821429,327.4821429
26-02-2020 12:00,326.4,327.65,326.2,327,2901398,327.2928571,327.2928571
26-02-2020 13:00,327,328.75,326.1,327.4,5458258,327.2571429,327.2571429
26-02-2020 14:00,327.3,330.8,326.9,330.5,8399098,327.4321429,327.4321429
26-02-2020 15:00,330.45,330.55,325,327.35,9836358,327.7214286,327.7214286
26-02-2020 15:30,327.35,329.3,326.6,328.15,4758584,328.0857143,328.0857143
27-02-2020 10:00,328.15,329.95,325.7,326.15,6955304,328.3035714,328.3035714
27-02-2020 11:00,326.1,326.15,321.55,324.25,8637438,328.3142857,328.3142857
27-02-2020 12:00,324.25,324.5,320.1,321.35,5732748,328.1571429,328.1571429
27-02-2020 13:00,321.35,322.85,318,321.65,8608397,327.8035714,327.8035714
27-02-2020 14:00,321.75,323.35,320.55,321.3,5310460,327.5,327.5
27-02-2020 15:00,321.4,322.95,320.3,322.65,5289247,327.2107143,327.2107143
27-02-2020 15:30,322.65,322.85,321.25,321.65,5836981,326.8321429,326.8321429
28-02-2020 10:00,313.7,314.65,307.1,308.9,13032092,325.8642857,325.8642857
28-02-2020 11:00,308.95,311.75,308.15,310.8,6441705,324.7178571,324.7178571
28-02-2020 12:00,310.8,311.8,309.6,310.4,4553734,323.5857143,323.5857143
28-02-2020 13:00,310.4,311,308.5,310.9,5427051,322.3178571,322.3178571
28-02-2020 14:00,310.85,311.4,309.8,310.5,3411347,320.9321429,320.9321429
28-02-2020 15:00,310.55,310.65,302.75,303.35,15412831,319.5107143,319.5107143
28-02-2020 15:30,303.25,305.2,301.1,304.75,10853635,317.7892857,317.7892857
02-03-2020 10:00,311.55,311.75,305.75,308.85,11490860,316.4892857,316.4892857
02-03-2020 11:00,308.8,309.4,306.5,307.75,4732020,315.2928571,315.2928571
02-03-2020 12:00,307.8,308.65,306.8,308,3100567,314.1607143,314.1607143
02-03-2020 13:00,308,308.35,301.65,303.9,8333620,313.125,313.125
02-03-2020 14:00,303.85,304.6,299.65,303.75,8949136,311.7857143,311.7857143
02-03-2020 15:00,303.75,304.3,290.85,291.8,14207685,310.4535714,310.4535714
02-03-2020 15:30,291.85,292.45,284.1,287.35,15093333,308.2821429,308.2821429
03-03-2020 10:00,292.2,294.3,289.75,290.05,12804283,306.8285714,306.8285714
03-03-2020 11:00,289.7,290.55,285.3,287.95,12866510,305.3142857,305.3142857
03-03-2020 12:00,288,289.25,285.7,287.2,5506114,303.7035714,303.7035714
03-03-2020 13:00,287.4,291.2,286.75,291,7136548,302.2892857,302.2892857
03-03-2020 14:00,291.05,291.15,286.5,288.85,8217434,300.8428571,300.8428571
03-03-2020 15:00,288.9,292.55,288.1,289.75,8303118,299.55,299.55
03-03-2020 15:30,289.85,291.15,288.65,290.5,6335760,298.5464286,298.5464286
04-03-2020 10:00,291.7,293,286.6,287.65,11385368,297.2071429,297.2071429
04-03-2020 11:00,287.7,288.05,283.15,284.25,9634468,295.6821429,295.6821429
04-03-2020 12:00,284.2,285.85,283.75,284.15,4509149,294.0535714,294.0535714
04-03-2020 13:00,284.25,286.45,281.1,282.65,6496460,292.4892857,292.4892857
04-03-2020 14:00,282.65,282.65,275.15,277.6,17949328,290.9214286,290.9214286
04-03-2020 15:00,277.55,284.55,276.35,284.4,13767938,289.5107143,289.5107143
04-03-2020 15:30,284.45,286.65,284.1,284.8,9083723,289.0964286,289.0964286
05-03-2020 10:00,290.25,291.5,285.55,286.75,13391848,288.8964286,288.8964286
05-03-2020 11:00,286.75,287.9,270.25,284.2,48331281,288.7071429,288.7071429
05-03-2020 12:00,284.15,286.8,281.8,285.9,17530985,288.5321429,288.5321429
05-03-2020 13:00,285.9,298.35,285.85,292.85,32767512,289.0428571,289.0428571
05-03-2020 14:00,292.85,294.3,286.55,289.35,15003646,289.2678571,289.2678571
05-03-2020 15:00,289.35,291.3,285.65,290.4,14209926,289.1785714,289.1785714
05-03-2020 15:30,290.4,290.8,287.35,287.55,6598739,289.1535714,289.1535714
06-03-2020 10:00,263.35,272.85,256.15,270.7,37472695,287.7142857,287.7142857
06-03-2020 11:00,270.8,273.6,268.4,270.15,16987985,286.6821429,286.6821429
06-03-2020 12:00,270.15,271.2,267.9,269.85,10667365,285.6357143,285.6357143
06-03-2020 13:00,269.75,270.75,268.65,269.55,6540175,284.5142857,284.5142857
06-03-2020 14:00,269.4,274.15,269.25,273.15,12762727,283.9071429,283.9071429
06-03-2020 15:00,273.1,274.35,270,273.15,12366386,283.1785714,283.1785714
06-03-2020 15:30,273.15,273.15,269,269.8,8136951,282.2142857,282.2142857
09-03-2020 10:00,260,262.5,254.55,256.2,26372430,280.1428571,280.1428571
09-03-2020 11:00,256.25,258.6,255.5,256.7,12288784,278.05,278.05
09-03-2020 12:00,256.8,261,256.05,260.3,14026902,276.2071429,276.2071429
09-03-2020 13:00,260.3,260.85,255,257.1,11723305,273.5285714,273.5285714
09-03-2020 14:00,256.75,257.65,251.15,254.4,14923255,270.9107143,270.9107143
09-03-2020 15:00,254.4,256.75,253.35,255.95,10747455,268.4428571,268.4428571
09-03-2020 15:30,255.9,256.7,251.6,252.3,10228159,266.0071429,266.0071429
11-03-2020 10:00,253,258.5,251.25,253.5,18444375,264.9821429,264.9821429
11-03-2020 11:00,253.5,254.65,248.55,251.55,17686898,263.6285714,263.6285714
11-03-2020 12:00,251.65,253.6,249.7,253.2,10891980,262.3714286,262.3714286
11-03-2020 13:00,253.25,253.95,250.2,250.3,7740599,261.1714286,261.1714286
11-03-2020 14:00,250.45,252.2,246.3,247.55,13356706,259.6035714,259.6035714
11-03-2020 15:00,247.45,249.2,246.4,248.05,9410576,257.8071429,257.8071429
11-03-2020 15:30,248.2,248.65,243.1,244.25,12395881,256.0571429,256.0571429
12-03-2020 10:00,229,229.7,222.85,225.35,19974879,253.7142857,253.7142857
12-03-2020 11:00,225.4,226.65,221.3,222.45,13795668,251.4321429,251.4321429
12-03-2020 12:00,222.4,223.7,219.4,221.15,14087442,248.7678571,248.7678571
12-03-2020 13:00,221.25,225.9,220.9,223,9699805,246.2714286,246.2714286
12-03-2020 14:00,223,223.7,220.7,220.95,7945731,243.8464286,243.8464286
12-03-2020 15:00,220.85,221.5,208.8,210.3,22800756,241.3285714,241.3285714
12-03-2020 15:30,210.2,215.6,210,215.5,10430515,238.3928571,238.3928571
13-03-2020 10:00,200.7,200.7,184.9,185.35,6956375,234.2642857,234.2642857
13-03-2020 11:00,185.35,224,181,210.65,39764197,232.075,232.075
13-03-2020 12:00,210.7,225.35,206.85,225.3,20786711,230.0571429,230.0571429
13-03-2020 13:00,225.1,243,225.1,242.4,34619055,229.275,229.275
13-03-2020 14:00,242.1,248.8,238.45,239.5,23123000,229.0321429,229.0321429
13-03-2020 15:00,239.5,240.95,228.6,240.35,24713085,228.4428571,228.4428571
13-03-2020 15:30,240.45,244.8,238.95,244.25,11113707,228.1678571,228.1678571
16-03-2020 10:00,227,231.4,223.2,228.05,18325910,228.2892857,228.2892857
16-03-2020 11:00,228,229.8,225.1,228.5,11138553,228.5142857,228.5142857
16-03-2020 12:00,228.5,229.4,225.45,226.15,8505993,228.9214286,228.9214286
16-03-2020 13:00,226.1,228.95,222.3,226.1,12168248,229.1392857,229.1392857
16-03-2020 14:00,226,227.35,224,224.55,4967011,229.4,229.4
16-03-2020 15:00,224.55,226.5,220.65,223.9,12932801,229.7571429,229.7571429
16-03-2020 15:30,223.8,224.9,221.65,224,6602835,230.4214286,230.4214286
17-03-2020 10:00,226.2,229.35,220.6,228.6,13987054,232.4678571,232.4678571
17-03-2020 11:00,228.6,229.8,225.55,225.75,7800771,232.8821429,232.8821429
17-03-2020 12:00,225.8,225.85,220.7,225.35,10829960,232.9178571,232.9178571
17-03-2020 13:00,225.4,225.75,223.1,223.35,4497481,231.6857143,231.6857143
17-03-2020 14:00,223.35,226.4,222.6,224.5,7794207,230.0857143,230.0857143
17-03-2020 15:00,224.5,224.8,218,218.05,10880692,228.9321429,228.9321429
17-03-2020 15:30,218.3,218.5,212.4,213.9,8998082,227.0535714,227.0535714
18-03-2020 10:00,221.4,223.15,210.05,210.1,14979370,226.4642857,226.4642857
18-03-2020 11:00,210.25,213,203.65,205.35,15348479,225.2642857,225.2642857
18-03-2020 12:00,205.4,209.6,203,204.85,14361858,223.85,223.85
18-03-2020 13:00,204.8,207.2,200.1,202,14556442,222.2964286,222.2964286
18-03-2020 14:00,202.1,206.2,201.65,204.5,8284372,220.7857143,220.7857143
18-03-2020 15:00,204.6,209.55,203.8,205.7,10921396,219.575,219.575
18-03-2020 15:30,205.9,222.65,205.55,215.35,21554097,219.4142857,219.4142857
19-03-2020 10:00,202.9,206.55,200,200.5,18577641,217.7857143,217.7857143
19-03-2020 11:00,200.4,204.5,198.2,203.8,12060758,215.9785714,215.9785714
19-03-2020 12:00,203.9,219.5,203.6,208.85,20162611,215.525,215.525
19-03-2020 13:00,208.75,212.5,205.85,211.45,7617762,214.5785714,214.5785714
19-03-2020 14:00,211.35,216.7,210,215.55,11980998,213.8857143,213.8857143
19-03-2020 15:00,215.55,216,206,206.05,13843006,213.2571429,213.2571429
19-03-2020 15:30,206.05,206.7,202,203.1,8383247,212.4142857,212.4142857
20-03-2020 10:00,206.2,210.15,200.1,206.45,15573353,211.4857143,211.4857143
20-03-2020 11:00,206.3,208.6,204.65,205.65,7753264,211.1714286,211.1714286
20-03-2020 12:00,205.6,210,205.45,209,7284873,211.2,211.2
20-03-2020 13:00,209,214,208.9,212.9,12517633,211.6857143,211.6857143
20-03-2020 14:00,212.95,215.7,208.65,209.1,11583936,212.3642857,212.3642857
20-03-2020 15:00,209.2,209.9,205,208.95,13296369,212.3892857,212.3892857
20-03-2020 15:30,209,211.65,208,208.8,8743029,211.6035714,211.6035714
23-03-2020 10:00,189,199.5,184.1,185.7,17207242,211.1,211.1
23-03-2020 11:00,185.7,203,185.2,185.4,19102570,210.9928571,210.9928571
23-03-2020 12:00,185.6,190.45,185,187.45,11590168,208.9178571,208.9178571
23-03-2020 13:00,187.35,189,185.2,186.5,6271625,207.2392857,207.2392857
23-03-2020 14:00,186.6,187.1,183,183.7,7551304,205.125,205.125
23-03-2020 15:00,183.6,184.4,180.4,182.95,10421107,202.8678571,202.8678571
23-03-2020 15:30,182.9,183.1,180.3,181.95,6274827,201.1821429,201.1821429
24-03-2020 10:00,190.5,191.5,177.5,181.45,11070356,199.85,199.85
24-03-2020 11:00,181.55,184.2,173.7,180.35,12895390,198.1071429,198.1071429
24-03-2020 12:00,180.3,186.8,179.45,183.1,10079380,196.45,196.45
24-03-2020 13:00,183.1,188.4,181.65,187.15,7776834,194.6214286,194.6214286
24-03-2020 14:00,187.2,189.6,185.5,187.8,8270986,192.7571429,192.7571429
24-03-2020 15:00,187.9,188.7,183.2,184,10773463,191.2428571,191.2428571
24-03-2020 15:30,183.75,185.4,180.3,185.4,5888106,189.3678571,189.3678571
25-03-2020 10:00,178.05,185.2,176.5,177.8,11217352,188.3464286,188.3464286
25-03-2020 11:00,177.7,181.65,177.6,179.7,8953300,186.8214286,186.8214286
25-03-2020 12:00,179.8,181.55,178.8,181.45,6033853,186.1857143,186.1857143
25-03-2020 13:00,181.45,186.45,180.5,184.75,9335062,186.0035714,186.0035714
25-03-2020 14:00,184.8,195.25,184.7,190.1,19103129,186.5857143,186.5857143
25-03-2020 15:00,190.1,191.5,187.2,190.5,9856186,187.0928571,187.0928571
25-03-2020 15:30,190.5,191.45,189,190.5,6295208,187.6892857,187.6892857
26-03-2020 10:00,192,193.7,185.25,191.4,17947686,187.8464286,187.8464286
26-03-2020 11:00,191.45,201,191.15,194.15,30245668,189.0464286,189.0464286
26-03-2020 12:00,194.15,196,190.7,194.65,14547795,189.7035714,189.7035714
26-03-2020 13:00,194.65,198.15,194,197.2,11445954,190.4,190.4
26-03-2020 14:00,197.1,198,191.35,192,14548301,191,191
26-03-2020 15:00,192,194,190,193.1,11280362,191.3785714,191.3785714
26-03-2020 15:30,193.15,193.4,192.05,193.05,6179970,191.95,191.95
27-03-2020 10:00,202,211.2,202,208.9,22894497,193.8071429,193.8071429
27-03-2020 11:00,208.9,211.5,197,197.05,33459973,195.9392857,195.9392857
27-03-2020 12:00,197.1,201.65,195.35,201.1,14779088,197.375,197.375
27-03-2020 13:00,201.1,202,196.95,197.9,10443847,198.4857143,198.4857143
27-03-2020 14:00,197.9,198.95,195,197.85,11061145,198.75,198.75
27-03-2020 15:00,197.95,202.25,196.6,197.3,13850816,199.5178571,199.5178571
27-03-2020 15:30,197.35,197.5,195,195.15,7098555,199.95,199.95
30-03-2020 10:00,189.95,193.4,187.5,192.25,13371678,199.9285714,199.9285714
30-03-2020 11:00,192.25,195,190.7,194.35,9508796,199.5,199.5
30-03-2020 12:00,194.35,194.5,192,192.6,6885291,199.3928571,199.3928571
30-03-2020 13:00,192.6,192.7,190.6,190.9,6601493,199.0035714,199.0035714
30-03-2020 14:00,190.9,191.25,188.6,189.1,9525521,198.5214286,198.5214286
30-03-2020 15:00,189.1,190.2,187.05,187.5,8187898,198.25,198.25
30-03-2020 15:30,187.5,187.75,186.3,186.8,5472525,197.8464286,197.8464286
31-03-2020 10:00,191.45,191.45,188.1,189.85,9638853,196.4357143,196.4357143
31-03-2020 11:00,189.75,191.45,188.45,190.7,8060648,195.0035714,195.0035714
31-03-2020 12:00,190.7,193.15,190,193.1,8374448,194.3964286,194.3964286
31-03-2020 13:00,193.1,194.85,193,194,7916516,193.8857143,193.8857143
31-03-2020 14:00,194.1,194.8,192.6,194.5,5655108,193.5892857,193.5892857
31-03-2020 15:00,194.5,198.45,194.25,197.35,11575014,193.3178571,193.3178571
31-03-2020 15:30,197.35,198,195.6,196,7716424,193.3535714,193.3535714
01-04-2020 10:00,194.25,194.25,188,189.4,11993802,193.4142857,193.4142857
01-04-2020 11:00,189.45,190.45,188.2,188.5,9377156,193.0892857,193.0892857
01-04-2020 12:00,188.45,189.15,187.05,187.75,6807450,192.7071429,192.7071429
01-04-2020 13:00,187.75,188.7,187,187.2,5357973,192.4214286,192.4214286
01-04-2020 14:00,187.15,187.6,186.1,186.2,5212855,192.1607143,192.1607143
01-04-2020 15:00,186.25,186.85,185.25,186.65,7152907,191.9214286,191.9214286
01-04-2020 15:30,186.75,187.65,185.9,187,6741583,191.9142857,191.9142857
03-04-2020 10:00,187.6,188.05,179.25,181,14159567,191.6714286,191.6714286
03-04-2020 11:00,180.85,181.8,178.5,178.85,9269298,190.9821429,190.9821429
03-04-2020 12:00,178.8,179.85,178.5,178.8,6165918,190.0321429,190.0321429
03-04-2020 13:00,178.9,179.45,177.7,178.05,7823081,188.9321429,188.9321429
03-04-2020 14:00,178.05,179.3,177,177.2,8809947,187.825,187.825
03-04-2020 15:00,177.05,177.45,175,175.8,10774314,186.325,186.325
03-04-2020 15:30,175.85,176.1,175,176.1,6760105,184.7607143,184.7607143
07-04-2020 10:00,184,184.05,179.4,180.4,13301530,184.0321429,184.0321429
07-04-2020 11:00,180.35,180.6,177.6,178.3,8259037,183.3285714,183.3285714
07-04-2020 12:00,178.3,180,178,178.4,7336801,182.675,182.675
07-04-2020 13:00,178.4,181.8,178,181.2,9760379,182.1821429,182.1821429
07-04-2020 14:00,181.3,186.5,180.65,186.5,15808164,182.1035714,182.1035714
07-04-2020 15:00,186.45,186.65,183.7,185.65,10117396,182.0892857,182.0892857
07-04-2020 15:30,185.6,187.3,185.05,185.75,6462590,182.0642857,182.0642857
08-04-2020 10:00,182.4,190,180.75,188.5,16849759,182.2035714,182.2035714
08-04-2020 11:00,188.5,194.4,187.4,190.45,18018724,183.1035714,183.1035714
08-04-2020 12:00,190.3,191.85,184.35,186.85,11997892,183.9607143,183.9607143
08-04-2020 13:00,186.9,188.8,184.4,185.15,8323373,184.6285714,184.6285714
08-04-2020 14:00,185.1,187,182.6,183.1,8516684,185.1785714,185.1785714
08-04-2020 15:00,183.05,185.5,181.6,184.25,9800039,185.7535714,185.7535714
08-04-2020 15:30,184.3,184.7,182.3,182.8,5906122,186.3678571,186.3678571
09-04-2020 10:00,188.35,190,186.2,187.05,13127777,186.7928571,186.7928571
09-04-2020 11:00,187.05,188.3,183.6,184.6,10495261,187.3428571,187.3428571
09-04-2020 12:00,184.6,187.9,184,187.5,9522511,187.9071429,187.9071429
09-04-2020 13:00,187.5,187.75,186.1,187,5337592,188.3321429,188.3321429
09-04-2020 14:00,186.95,189.75,186,186.35,10914456,188.5642857,188.5642857
09-04-2020 15:00,186.35,187.9,185.55,187.45,6253714,188.6535714,188.6535714
09-04-2020 15:30,187.5,188.15,187,187.55,6249825,188.7142857,188.7142857
13-04-2020 10:00,187,188.7,184,184.6,9648036,188.6214286,188.6214286
13-04-2020 11:00,184.65,186,183.3,184.75,7081958,188.0214286,188.0214286
13-04-2020 12:00,184.75,187.7,184,185.9,9648705,187.725,187.725
13-04-2020 13:00,185.8,187,185.1,185.45,4807893,187.5964286,187.5964286
13-04-2020 14:00,185.35,186,184,184.25,5791181,187.525,187.525
13-04-2020 15:00,184.25,184.8,183.1,183.8,8732495,187.475,187.475
13-04-2020 15:30,183.9,184.2,183.15,184,5635356,187.4392857,187.4392857
15-04-2020 10:00,186.75,191,186.1,190.7,16592359,187.5107143,187.5107143
15-04-2020 11:00,190.8,191.85,189.5,189.85,10019649,187.7642857,187.7642857
15-04-2020 12:00,189.9,190.35,187.8,188.75,6964504,187.9392857,187.9392857
15-04-2020 13:00,188.8,189.8,186.5,187.25,6972695,188.0857143,188.0857143
15-04-2020 14:00,187.3,187.65,184.75,184.9,10221523,187.9357143,187.9357143
15-04-2020 15:00,184.9,185,180.2,183,15226473,187.7285714,187.7285714
15-04-2020 15:30,182.9,183,181.75,183,5452191,187.3607143,187.3607143
16-04-2020 10:00,182.1,184.5,180.3,182.6,10192573,187.0607143,187.0607143
16-04-2020 11:00,182.6,184,182,183.15,6736459,186.9178571,186.9178571
16-04-2020 12:00,183.15,186.5,182.7,185.3,10617859,186.8321429,186.8321429
16-04-2020 13:00,185.3,186.9,184.5,185.4,8307203,186.825,186.825
16-04-2020 14:00,185.45,186.2,184.8,185.7,4841127,186.8392857,186.8392857
16-04-2020 15:00,185.75,189.75,185,188.3,12730018,187.1928571,187.1928571
16-04-2020 15:30,188.4,189.9,187.1,189,6959788,187.6,187.6
17-04-2020 10:00,195.65,197.85,193.5,194,15613061,188.0892857,188.0892857
17-04-2020 11:00,193.95,194.95,188.55,190.6,18905051,188.3107143,188.3107143
17-04-2020 12:00,190.55,191.75,186.8,186.9,12179045,188.4107143,188.4107143
17-04-2020 13:00,187,188.5,186.3,188.15,10567032,188.3178571,188.3178571
17-04-2020 14:00,188.2,190.35,186.9,189.65,10149510,188.5107143,188.5107143
17-04-2020 15:00,189.65,192.2,189.15,192.2,12000262,189.025,189.025
17-04-2020 15:30,192.2,194.25,192,193,9361730,189.8285714,189.8285714
20-04-2020 10:00,194.15,194.3,190.05,190.7,11408319,190.5285714,190.5285714
20-04-2020 11:00,190.75,197.35,190.35,196.6,20524819,191.4821429,191.4821429
20-04-2020 12:00,196.65,196.95,192.1,193.85,13019870,192.2285714,192.2285714
20-04-2020 13:00,193.85,194.8,192.25,192.9,8137285,192.7928571,192.7928571
20-04-2020 14:00,192.9,195.25,192.9,193.6,8343426,193.4392857,193.4392857
20-04-2020 15:00,193.55,196,191.65,192.7,13541390,193.8857143,193.8857143
20-04-2020 15:30,192.7,193.2,191.9,192.1,6308065,194.1214286,194.1214286
21-04-2020 10:00,187.3,188.2,185.45,187.3,11196711,193.4321429,193.4321429
21-04-2020 11:00,187.3,187.5,186.35,186.8,5286859,192.9,192.9
21-04-2020 12:00,186.8,187.2,186,186.8,5648841,192.575,192.575
21-04-2020 13:00,186.95,186.95,183,183.45,11293461,192.4642857,192.4642857
21-04-2020 14:00,183.45,184.45,183,184.3,7308918,192.0428571,192.0428571
21-04-2020 15:00,184.4,185.9,183.95,184.6,7278464,191.5928571,191.5928571
21-04-2020 15:30,184.65,185.2,184.5,185,4358326,190.9464286,190.9464286
22-04-2020 10:00,185.25,185.45,182,182.65,8307700,190.3142857,190.3142857
22-04-2020 11:00,182.6,184.6,181.4,184.2,9613280,189.4035714,189.4035714
22-04-2020 12:00,184.2,186.75,184.05,185.65,10384706,188.675,188.675
22-04-2020 13:00,185.65,186.25,184.9,185.7,4697617,188.0642857,188.0642857
22-04-2020 14:00,185.6,186.4,184.35,185.6,7113486,187.4321429,187.4321429
22-04-2020 15:00,185.6,189.1,185.4,188.75,13618345,186.9392857,186.9392857
22-04-2020 15:30,188.7,189.5,187.6,187.85,6961840,186.675,186.675
23-04-2020 10:00,187.6,188.7,185.5,188.4,8014558,186.7107143,186.7107143
23-04-2020 11:00,188.5,189.9,187.8,188.35,8486362,186.8821429,186.8821429
23-04-2020 12:00,188.35,188.4,186.75,187.9,7323351,186.9678571,186.9678571
23-04-2020 13:00,188,188.75,187.5,188.05,5174663,187.0964286,187.0964286
23-04-2020 14:00,188,188.2,185.15,186.95,8615505,187.3642857,187.3642857
23-04-2020 15:00,186.9,188,186.5,188,7129361,187.5142857,187.5142857
23-04-2020 15:30,188,188.3,185.6,186.2,5658311,187.7357143,187.7357143
24-04-2020 10:00,183.95,183.95,181.2,183,12967821,187.6285714,187.6285714
24-04-2020 11:00,183,183.25,181.25,182.25,8439567,187.5321429,187.5321429
24-04-2020 12:00,182.25,182.45,181.05,182.15,7485194,187.225,187.225
24-04-2020 13:00,182.1,182.9,181.4,181.6,6585809,186.9857143,186.9857143
24-04-2020 14:00,181.6,182.1,180.15,180.45,7312798,186.6785714,186.6785714
24-04-2020 15:00,180.45,180.5,179,179.35,12604408,186.0642857,186.0642857
24-04-2020 15:30,179.35,180.35,179.25,180.2,8935787,185.4107143,185.4107143
27-04-2020 10:00,183.1,183.35,181.15,181.55,8000076,185.0285714,185.0285714
27-04-2020 11:00,181.5,183,181.3,182.45,7606928,184.5357143,184.5357143
27-04-2020 12:00,182.4,182.7,181.55,181.85,4309667,184.1285714,184.1285714
27-04-2020 13:00,181.9,182.9,181.85,182.3,5225138,183.7107143,183.7107143
27-04-2020 14:00,182.3,182.85,180.5,180.8,6138640,183.3285714,183.3285714
27-04-2020 15:00,180.9,181.6,180.5,180.9,5763907,182.8714286,182.8714286
27-04-2020 15:30,180.9,181.35,180.55,181,5420505,182.375,182.375
28-04-2020 10:00,182.3,184.2,181.75,182.75,8817366,182.3928571,182.3928571
28-04-2020 11:00,182.8,183.15,181.3,182.3,7187248,182.3857143,182.3857143
28-04-2020 12:00,182.4,183,182.1,182.75,4679728,182.425,182.425
28-04-2020 13:00,182.75,182.8,181.8,182.6,4674063,182.4178571,182.4178571
28-04-2020 14:00,182.6,184.9,182.45,184.4,10418533,182.6178571,182.6178571
28-04-2020 15:00,184.4,185.35,183.6,184.2,8335247,182.9642857,182.9642857
28-04-2020 15:30,184.2,184.75,183.95,184.5,4917622,183.2785714,183.2785714
29-04-2020 10:00,184.8,186.9,183.65,186,7807639,183.5321429,183.5321429
29-04-2020 11:00,186,187.4,185.4,187.25,5395614,183.8464286,183.8464286
29-04-2020 12:00,187.35,188,186.6,187,7149775,184.225,184.225
29-04-2020 13:00,187,187.05,185.7,186.55,4798870,184.5214286,184.5214286
29-04-2020 14:00,186.6,186.65,185.2,186,5597820,184.7928571,184.7928571
29-04-2020 15:00,186,191.2,186,190.85,18013014,185.4785714,185.4785714
29-04-2020 15:30,190.9,191.8,189.1,189.55,8180763,186.225,186.225
30-04-2020 10:00,193.15,195,191.55,195,15286270,186.9964286,186.9964286
30-04-2020 11:00,195,195.5,193.25,193.55,8650915,187.8785714,187.8785714
30-04-2020 12:00,193.5,195.7,193.3,195.1,9201262,188.7857143,188.7857143
30-04-2020 13:00,195.15,195.45,193.3,193.5,7548966,189.6892857,189.6892857
30-04-2020 14:00,193.55,193.6,191.15,192.25,8063096,190.3107143,190.3107143
30-04-2020 15:00,192.25,192.8,190.05,190.15,7013056,190.8428571,190.8428571
30-04-2020 15:30,190.15,191.45,189.7,190.2,6623279,191.3214286,191.3214286
04-05-2020 10:00,181.8,183.5,180.9,181.2,12022833,191.0785714,191.0785714
04-05-2020 11:00,181.1,181.4,178,179.55,14004739,190.65,190.65
04-05-2020 12:00,179.6,180.4,179.15,180.2,5251849,190.1071429,190.1071429
04-05-2020 13:00,180.2,180.9,179.65,179.85,4443212,189.6678571,189.6678571
04-05-2020 14:00,179.85,180.3,179,179.1,7209808,189.2142857,189.2142857
04-05-2020 15:00,179.15,179.3,178,178.55,8207417,188.3642857,188.3642857
04-05-2020 15:30,178.55,179.25,178.5,179.25,6220968,187.4678571,187.4678571
05-05-2020 10:00,180.95,181.2,178.1,178.2,9785133,186.4821429,186.4821429
05-05-2020 11:00,178.25,178.6,177.15,177.8,9093261,185.275,185.275
05-05-2020 12:00,177.85,178.3,175.3,175.65,9804183,184.0321429,184.0321429
05-05-2020 13:00,175.65,175.7,173.6,175.35,13851702,182.6214286,182.6214286
05-05-2020 14:00,175.5,176.6,175.25,175.55,8378837,181.4071429,181.4071429
05-05-2020 15:00,175.55,175.6,168.95,170.15,27372814,180.1785714,180.1785714
05-05-2020 15:30,170.1,171.45,169.7,171.4,11885604,178.75,178.75
06-05-2020 10:00,171.25,172.45,166.6,171.6,17394199,177.9607143,177.9607143
06-05-2020 11:00,171.5,173.3,170.05,172.4,12706250,177.3821429,177.3821429
06-05-2020 12:00,172.35,172.75,169.15,171,10250955,176.8357143,176.8357143
06-05-2020 12:41,171,171.8,170.45,171.65,4074568,176.1857143,176.1857143
